{"timestamps": [1509583681.765854], "initial_reset_timestamp": 1509583646.151838, "episode_types": ["t", "t"], "episode_lengths": [1000], "episode_rewards": [-39.49044585987326]}